,Pool Name*,i7 Index Name*,i7 Sequence*,i5 Index Name,i5 Sequence,Description,sample.id
1,Library prep 1,A12,TTCCATTC,PB-L044,ATGTATCA,8580-PFNA-10uM 2,TTCCATTC.ATGTATCA
2,Library prep 1,A05,TACAGAGT,PB-L044,ATGTATCA,7953-DDE-0.1uM 2,TACAGAGT.ATGTATCA
3,Library prep 2,G07,TCAAGGAT,PB-L021,TCATATAT,8195-DMSO 18,TCAAGGAT.TCATATAT
4,Library prep 2,G04,CCACAATG,PB-L021,TCATATAT,7889-BPS-0.1uM 3,CCACAATG.TCATATAT
5,Library prep 2,D05,CTGGTCGT,PB-L021,TCATATAT,7889-BPS-10uM 2,CTGGTCGT.TCATATAT
6,Library prep 1,C10,ACACAACA,PB-L044,ATGTATCA,8580-BPA-1uM 2,ACACAACA.ATGTATCA
7,Library prep 1,H09,CGCGTGAT,PB-L044,ATGTATCA,8580-BPA-0.1uM 2,CGCGTGAT.ATGTATCA
8,Library prep 2,D04,TCCTATCT,PB-L021,TCATATAT,7889-BPA-10uM 3,TCCTATCT.TCATATAT
9,Library prep 2,F03,AACCAATC,PB-L021,TCATATAT,7889-BPA-0.1uM 3,AACCAATC.TCATATAT
10,Library prep 2,G03,TCTATTGG,PB-L021,TCATATAT,7889-BPA-1uM 1,TCTATTGG.TCATATAT
11,Library prep 1,B04,TTCACACT,PB-L044,ATGTATCA,7953-BPS-10uM 2,TTCACACT.ATGTATCA
12,Library prep 1,G06,CGCTCTTG,PB-L044,ATGTATCA,7953-PFNA-10uM 1,CGCTCTTG.ATGTATCA
13,Library prep 1,A01,ACTCACCG,PB-L044,ATGTATCA,7953-DMSO 67,ACTCACCG.ATGTATCA
14,Library prep 2,D06,TGGTACAG,PB-L021,TCATATAT,7889-PFNA-10uM 1,TGGTACAG.TCATATAT
15,Library prep 1,H02,CCTGTTAC,PB-L044,ATGTATCA,7953-BPA-10uM 1,CCTGTTAC.ATGTATCA
16,Library prep 1,G08,CGCAACAG,PB-L044,ATGTATCA,8580-BPS-0.1uM 2,CGCAACAG.ATGTATCA
17,Library prep 1,H11,CTAGCCGA,PB-L044,ATGTATCA,8580-PFNA-10uM 1,CTAGCCGA.ATGTATCA
18,Library prep 1,E02,ACTCGAAT,PB-L044,ATGTATCA,7953-BPA-1uM 1,ACTCGAAT.ATGTATCA
19,Library prep 1,C08,GATGAGAA,PB-L044,ATGTATCA,8580-DMSO 32,GATGAGAA.ATGTATCA
20,Library prep 1,G09,CCTACACA,PB-L044,ATGTATCA,8580-BPA-0.1uM 1,CCTACACA.ATGTATCA
21,Library prep 2,H05,ACCTGAGC,PB-L021,TCATATAT,7889-PFNA-0.1uM 3,ACCTGAGC.TCATATAT
22,Library prep 2,E06,AACGCTTG,PB-L021,TCATATAT,7889-PFNA-10uM 2,AACGCTTG.TCATATAT
23,Library prep 1,A10,CATCTTCT,PB-L044,ATGTATCA,8580-BPA-0.1uM 3,CATCTTCT.ATGTATCA
24,Library prep 2,G05,ATTCGCAG,PB-L021,TCATATAT,7889-PFNA-0.1uM 2,ATTCGCAG.TCATATAT
25,Library prep 2,F04,GGTGTGAC,PB-L021,TCATATAT,7889-BPS-0.1uM 2,GGTGTGAC.TCATATAT
26,Library prep 2,F05,CGTAATTC,PB-L021,TCATATAT,7889-PFNA-0.1uM 1,CGTAATTC.TCATATAT
27,Library prep 1,B10,ACATCCTT,PB-L044,ATGTATCA,8580-BPA-1uM 1,ACATCCTT.ATGTATCA
28,Library prep 1,C11,CGATGGCA,PB-L044,ATGTATCA,8580-PFNA-0.1uM 2,CGATGGCA.ATGTATCA
29,Library prep 1,B06,CCAGGTAA,PB-L044,ATGTATCA,7953-PFNA-0.1uM 2,CCAGGTAA.ATGTATCA
30,Library prep 1,E03,GTTAAGCA,PB-L044,ATGTATCA,7953-BPS-0.1uM 3,GTTAAGCA.ATGTATCA
31,Library prep 2,H01,CTGTACGC,PB-L021,TCATATAT,7518-DMSO 44,CTGTACGC.TCATATAT
32,Library prep 1,B09,CTAACAAC,PB-L044,ATGTATCA,8580-BPS-1uM 2,CTAACAAC.ATGTATCA
33,Library prep 1,E11,TCAACTGA,PB-L044,ATGTATCA,8580-PFNA-1uM 1,TCAACTGA.ATGTATCA
34,Library prep 2,A06,GTTCGTCT,PB-L021,TCATATAT,7889-PFNA-1uM 1,GTTCGTCT.TCATATAT
35,Library prep 2,B01,CCTTATGT,PB-L021,TCATATAT,7518-BPA-0.1uM 2,CCTTATGT.TCATATAT
36,Library prep 2,F06,ATTCCGTA,PB-L021,TCATATAT,7889-PFNA-10uM 3,ATTCCGTA.TCATATAT
37,Library prep 2,F01,CCGAGTTA,PB-L021,TCATATAT,7518-BPS-10uM 2,CCGAGTTA.TCATATAT
38,Library prep 1,E05,CTCGTACA,PB-L044,ATGTATCA,7953-DDE-1uM 3,CTCGTACA.ATGTATCA
39,Library prep 1,A11,TCCTCAGA,PB-L044,ATGTATCA,8580-DDE-10uM 2,TCCTCAGA.ATGTATCA
40,Library prep 2,E07,CGAGCATT,PB-L021,TCATATAT,8195-Sodium Arsenite-10uM 1,CGAGCATT.TCATATAT
41,Library prep 2,H03,TGAATGTG,PB-L021,TCATATAT,7889-BPA-1uM 2,TGAATGTG.TCATATAT
42,Library prep 1,A02,GGCTCCTA,PB-L044,ATGTATCA,7953-Water 62,GGCTCCTA.ATGTATCA
43,Library prep 2,H04,TCAGATAC,PB-L021,TCATATAT,7889-BPS-1uM 1,TCAGATAC.TCATATAT
44,Library prep 1,C09,CCATACTC,PB-L044,ATGTATCA,8580-BPS-1uM 3,CCATACTC.ATGTATCA
45,Library prep 1,H03,TGAATGTG,PB-L044,ATGTATCA,7953-BPS-1uM 3,TGAATGTG.ATGTATCA
46,Library prep 1,B03,AATGTGCC,PB-L044,ATGTATCA,7953-BPA-10uM 3,AATGTGCC.ATGTATCA
47,Library prep 2,C05,TGTAAGAC,PB-L021,TCATATAT,7889-BPS-10uM 1,TGTAAGAC.TCATATAT
48,Library prep 2,D01,GGAGCTAT,PB-L021,TCATATAT,7518-BPA-1uM 1,GGAGCTAT.TCATATAT
49,Library prep 2,G06,CGCTCTTG,PB-L021,TCATATAT,7889-DMSO 56,CGCTCTTG.TCATATAT
50,Library prep 1,H06,TGAACTCT,PB-L044,ATGTATCA,7953-PFNA-10uM 2,TGAACTCT.ATGTATCA
51,Library prep 1,E06,AACGCTTG,PB-L044,ATGTATCA,7953-PFNA-1uM 2,AACGCTTG.ATGTATCA
52,Library prep 1,D08,ATGACACC,PB-L044,ATGTATCA,8580-DMSO 35,ATGACACC.ATGTATCA
53,Library prep 1,E09,TCACTCAC,PB-L044,ATGTATCA,8580-BPS-10uM 2,TCACTCAC.ATGTATCA
54,Library prep 1,A09,ATGGAACA,PB-L044,ATGTATCA,8580-BPS-1uM 1,ATGGAACA.ATGTATCA
55,Library prep 1,G10,GTGCGAGT,PB-L044,ATGTATCA,8580-BPA-10uM 3,GTGCGAGT.ATGTATCA
56,Library prep 1,E08,TGTTGCAC,PB-L044,ATGTATCA,8580-DMSO 36,TGTTGCAC.ATGTATCA
57,Library prep 2,F07,ACCGTTCC,PB-L021,TCATATAT,8195-Sodium Arsenite-10uM 2,ACCGTTCC.TCATATAT
58,Library prep 2,E04,CACATGGT,PB-L021,TCATATAT,7889-BPS-0.1uM 1,CACATGGT.TCATATAT
59,Library prep 1,C04,ATGGTCCG,PB-L044,ATGTATCA,7953-BPS-10uM 3,ATGGTCCG.ATGTATCA
60,Library prep 1,B05,CTTGTTGG,PB-L044,ATGTATCA,7953-DDE-0.1uM 3,CTTGTTGG.ATGTATCA
61,Library prep 2,A07,ACGAAGCG,PB-L021,TCATATAT,7889-DMSO 60,ACGAAGCG.TCATATAT
62,Library prep 2,A04,CCATTGCG,PB-L021,TCATATAT,7889-BPA-1uM 3,CCATTGCG.TCATATAT
63,Library prep 1,C01,ATAGATCC,PB-L044,ATGTATCA,7953-DMSO 71,ATAGATCC.ATGTATCA
64,Library prep 1,F06,ATTCCGTA,PB-L044,ATGTATCA,7953-PFNA-1uM 3,ATTCCGTA.ATGTATCA
65,Library prep 1,D10,CAGGCCAT,PB-L044,ATGTATCA,8580-BPA-1uM 3,CAGGCCAT.ATGTATCA
66,Library prep 1,F09,CAGGCTTC,PB-L044,ATGTATCA,8580-BPS-10uM 3,CAGGCTTC.ATGTATCA
67,Library prep 2,A05,TACAGAGT,PB-L021,TCATATAT,7889-BPS-1uM 2,TACAGAGT.TCATATAT
68,Library prep 2,C04,ATGGTCCG,PB-L021,TCATATAT,7889-BPA-10uM 2,ATGGTCCG.TCATATAT
69,Library prep 2,B08,TTGGCTGC,PB-L021,TCATATAT,8519-DMSO 6,TTGGCTGC.TCATATAT
70,Library prep 1,C06,CACAGTCT,PB-L044,ATGTATCA,7953-PFNA-0.1uM 3,CACAGTCT.ATGTATCA
71,Library prep 1,B11,ACGCTGCA,PB-L044,ATGTATCA,8580-PFNA-0.1uM 1,ACGCTGCA.ATGTATCA
72,Library prep 1,F05,CGTAATTC,PB-L044,ATGTATCA,7953-DDE-10uM 1,CGTAATTC.ATGTATCA
73,Library prep 1,G03,TCTATTGG,PB-L044,ATGTATCA,7953-BPS-1uM 2,TCTATTGG.ATGTATCA
74,Library prep 2,A01,ACTCACCG,PB-L021,TCATATAT,7518-BPA-0.1uM 1,ACTCACCG.TCATATAT
75,Library prep 1,D09,TCCTTGGC,PB-L044,ATGTATCA,8580-BPS-10uM 1,TCCTTGGC.ATGTATCA
76,Library prep 1,A07,ACGAAGCG,PB-L044,ATGTATCA,7953-PFNA-10uM 3,ACGAAGCG.ATGTATCA
77,Library prep 1,H10,ATGCCGCT,PB-L044,ATGTATCA,8580-DDE-10uM 1,ATGCCGCT.ATGTATCA
78,Library prep 2,A08,CAGAGTGG,PB-L021,TCATATAT,8519-Sodium Arsenite-10uM 2,CAGAGTGG.TCATATAT
79,Library prep 1,H01,CTGTACGC,PB-L044,ATGTATCA,7953-Water 61,CTGTACGC.ATGTATCA
80,Library prep 1,A06,GTTCGTCT,PB-L044,ATGTATCA,7953-PFNA-0.1uM 1,GTTCGTCT.ATGTATCA
81,Library prep 2,B04,TTCACACT,PB-L021,TCATATAT,7889-BPA-10uM 1,TTCACACT.TCATATAT
82,Library prep 1,C02,CAGGAAGG,PB-L044,ATGTATCA,7953-BPA-0.1uM 2,CAGGAAGG.ATGTATCA
83,Library prep 2,E03,GTTAAGCA,PB-L021,TCATATAT,7889-BPA-0.1uM 2,GTTAAGCA.TCATATAT
84,Library prep 2,A02,GGCTCCTA,PB-L021,TCATATAT,7518-DMSO 48,GGCTCCTA.TCATATAT
85,Library prep 2,E05,CTCGTACA,PB-L021,TCATATAT,7889-BPS-10uM 3,CTCGTACA.TCATATAT
86,Library prep 1,D01,GGAGCTAT,PB-L044,ATGTATCA,7953-DMSO 72,GGAGCTAT.ATGTATCA
87,Library prep 1,D03,CGACTAGC,PB-L044,ATGTATCA,7953-BPS-0.1uM 2,CGACTAGC.ATGTATCA
88,Library prep 1,D04,TCCTATCT,PB-L044,ATGTATCA,7953-Cadmium Chloride-0.1uM 1,TCCTATCT.ATGTATCA
89,Library prep 1,D06,TGGTACAG,PB-L044,ATGTATCA,7953-PFNA-1uM 1,TGGTACAG.ATGTATCA
90,Library prep 1,A03,GTTGACAG,PB-L044,ATGTATCA,7953-BPA-10uM 2,GTTGACAG.ATGTATCA
91,Library prep 2,D03,CGACTAGC,PB-L021,TCATATAT,7889-BPA-0.1uM 1,CGACTAGC.TCATATAT
92,Library prep 1,F02,GTACCAGC,PB-L044,ATGTATCA,7953-BPA-1uM 2,GTACCAGC.ATGTATCA
93,Library prep 1,A04,CCATTGCG,PB-L044,ATGTATCA,7953-BPS-10uM 1,CCATTGCG.ATGTATCA
94,Library prep 2,C06,CACAGTCT,PB-L021,TCATATAT,7889-PFNA-1uM 3,CACAGTCT.TCATATAT
95,Library prep 1,D02,CGTCTGAA,PB-L044,ATGTATCA,7953-BPA-0.1uM 3,CGTCTGAA.ATGTATCA
96,Library prep 1,G04,CCACAATG,PB-L044,ATGTATCA,7953-Cadmium Chloride-10uM 2,CCACAATG.ATGTATCA
97,Library prep 2,H07,CAAGTGAC,PB-L021,TCATATAT,8519-Sodium Arsenite-10uM 1,CAAGTGAC.TCATATAT
98,Library prep 1,C03,AAGTACCT,PB-L044,ATGTATCA,7953-BPS-0.1uM 1,AAGTACCT.ATGTATCA
99,Library prep 1,B01,CCTTATGT,PB-L044,ATGTATCA,7953-DMSO 69,CCTTATGT.ATGTATCA
100,Library prep 1,B02,CAGAAGAA,PB-L044,ATGTATCA,7953-BPA-0.1uM 1,CAGAAGAA.ATGTATCA
101,Library prep 2,B05,CTTGTTGG,PB-L021,TCATATAT,7889-BPS-1uM 3,CTTGTTGG.TCATATAT
102,Library prep 1,F03,AACCAATC,PB-L044,ATGTATCA,7953-BPS-1uM 1,AACCAATC.ATGTATCA
103,Library prep 1,F08,ATTCTCCA,PB-L044,ATGTATCA,8580-BPS-0.1uM 1,ATTCTCCA.ATGTATCA
104,Library prep 1,G02,ACTTCAAC,PB-L044,ATGTATCA,7953-BPA-1uM 3,ACTTCAAC.ATGTATCA
105,Library prep 1,E04,CACATGGT,PB-L044,ATGTATCA,7953-Cadmium Chloride-0.1uM 2,CACATGGT.ATGTATCA
106,Library prep 1,F11,CAAGTAGT,PB-L044,ATGTATCA,8580-PFNA-1uM 2,CAAGTAGT.ATGTATCA
107,Library prep 1,H08,CTTCTGGC,PB-L044,ATGTATCA,8580-BPS-0.1uM 3,CTTCTGGC.ATGTATCA
108,Library prep 1,F04,GGTGTGAC,PB-L044,ATGTATCA,7953-Cadmium Chloride-10uM 1,GGTGTGAC.ATGTATCA
109,Library prep 2,H06,TGAACTCT,PB-L021,TCATATAT,7889-DMSO 58,TGAACTCT.TCATATAT
110,Library prep 2,G01,TGGTGGAA,PB-L021,TCATATAT,7518-BPS-10uM 1,TGGTGGAA.TCATATAT
111,Library prep 1,G05,ATTCGCAG,PB-L044,ATGTATCA,7953-DDE-10uM 2,ATTCGCAG.ATGTATCA
112,Library prep 1,C05,TGTAAGAC,PB-L044,ATGTATCA,7953-DDE-1uM 1,TGTAAGAC.ATGTATCA
113,Library prep 1,G11,GTGTCCAT,PB-L044,ATGTATCA,8580-PFNA-1uM 3,GTGTCCAT.ATGTATCA
114,Library prep 1,B12,CTAAGGCG,PB-L044,ATGTATCA,8580-PFNA-10uM 3,CTAAGGCG.ATGTATCA
115,Library prep 1,E10,CAACTCCG,PB-L044,ATGTATCA,8580-BPA-10uM 1,CAACTCCG.ATGTATCA
116,Library prep 1,H05,ACCTGAGC,PB-L044,ATGTATCA,7953-DDE-10uM 3,ACCTGAGC.ATGTATCA
117,Library prep 1,F10,ACCGACCA,PB-L044,ATGTATCA,8580-BPA-10uM 2,ACCGACCA.ATGTATCA
118,Library prep 1,D11,CAACCGTG,PB-L044,ATGTATCA,8580-PFNA-0.1uM 3,CAACCGTG.ATGTATCA
119,Library prep 1,H04,TCAGATAC,PB-L044,ATGTATCA,7953-DDE-0.1uM 1,TCAGATAC.ATGTATCA
120,Library prep 2,E01,TGGTGACT,PB-L021,TCATATAT,7518-BPA-1uM 2,TGGTGACT.TCATATAT
121,Library prep 2,C01,ATAGATCC,PB-L021,TCATATAT,7518-BPA-0.1uM 3,ATAGATCC.TCATATAT
122,Library prep 2,B06,CCAGGTAA,PB-L021,TCATATAT,7889-PFNA-1uM 2,CCAGGTAA.TCATATAT
123,Library prep 1,D05,CTGGTCGT,PB-L044,ATGTATCA,7953-DDE-1uM 2,CTGGTCGT.ATGTATCA
